name,solubility_score,heavy_chain_perplexity,light_chain_perplexityCL0_GFRAL_M1_F6.0_RHH,6.190144190669061,1.6314114610277237,1.232727765794603
CL1_GFRAL_M1_F6.0_RM,4.9505600431561465,1.7385930733878634,1.232727765794603
CL6_GFRAL_M1_F20.0_RL,1.3699398716166602,2.114961754457206,1.2698607865648703
CL10_GFRAL_M1_F112.0_RH,8.071722168087957,1.420799418366947,1.318518409177792
CL11_GFRAL_M1_F112.0_RHH,8.188572638854387,1.4985732789014885,1.318518409177792
CL12_GFRAL_M1_F112.0_RM,8.895599905751647,1.633915796306826,1.318518409177792
CL13_GFRAL_M1_F112.0_RL,7.852970149748026,1.6417661780237671,1.318518409177792
CL14_GFRAL_M1_F112.0_RLL,6.236754004962743,1.888910177680648,1.318518409177792
CL15_GFRAL_M1_F557.0_RH,4.810535875678063,2.085991235379713,1.3786029637309845
CL16_GFRAL_M1_F557.0_RL,6.745422677196563,1.6731720808663764,1.3786029637309845
CL17_GFRAL_M1_F557.0_RM,6.322222354859116,1.6287116492646116,1.3786029637309845
CL18_GFRAL_M1_F557.0_RLL,5.087878021284938,1.838641581579067,1.3786029637309845
CL19_GFRAL_M1_F826.0_RHH,3.5558768540471792,1.5269638797873155,1.2034217072975044
CL21_GFRAL_M1_F826.0_RM,2.549435106270016,1.7170889742670523,1.2034217072975044
CL22_GFRAL_M1_F826.0_RH,3.7373716816753166,1.6668610061992681,1.2034217072975044
CL42_GFRAL_M2_F1441.0_RHH,4.735423170603813,2.49581887757741,1.2992025309215993
CL51_GFRAL_M2_F2240.0_RHH,5.159258746333423,1.758017601507865,1.20306112321846
CL56_GFRAL_M2_F1217.0_RLL,8.103842390708627,1.8250226930985192,1.318518409177792
CL58_GFRAL_M2_F139.0_RM,6.59790495298803,1.969986003218443,1.6271693612934839
CL64_GFRAL_M2_F2240.0_RL,6.174266057990492,1.5672379972860302,1.20306112321846
CL67_GFRAL_M2_F157.0_RH,4.101449322648348,2.2878427893720286,1.2698607865648703
CL70_GFRAL_M2_F157.0_RL,3.622942464008929,2.2262197090958025,1.2698607865648703
CL75_GFRAL_M2_F157.0_RM,1.0622436937987825,2.041142456592711,1.2698607865648703
CL92_GFRAL_M3_F95.0_RHH,0.8144667590186021,1.6073443700961216,1.2117310418565486
CL94_GFRAL_M3_F95.0_RM,1.828572468288245,1.9434836470408445,1.2117310418565486
CL98_GFRAL_M3_F36.0_RHH,4.0154452331736685,1.6689906982024851,1.2909856446826815
CL99_GFRAL_M3_F36.0_RM,3.3386116948649285,2.016245667553982,1.2909856446826815
CL106_GFRAL_M1_O,3.6210824052244455,1.502852717313861,1.2436485110497708
CL107_GFRAL_M1_O,3.4898703847527504,1.4680734727799856,1.2436485110497708
CL108_GFRAL_M1_O,1.655487661130726,2.220566612005315,1.2698607865648703
CL109_GFRAL_M1-M3_O,2.066451938867571,1.648176298214841,1.2117310418565486
CL110_GFRAL_M1_O,5.686173644654456,1.7133972172867462,1.3786029637309845
CL113_GFRAL_M2_O,5.122482384741309,1.7048969429616736,1.4425069956724486
CL115_GFRAL_M2_O,4.717741244241596,1.5270734647435213,1.1955435162860386
CL116_GFRAL_M2_O,3.9576212169453466,1.8524203955251408,1.272139192854344
CL118_GFRAL_M2_O,5.675579216115176,1.3635234127211613,1.20306112321846
CL119_GFRAL_M2_O,4.042698075763878,2.0910337486559056,1.2992025309215993
CL120_GFRAL_M2_O,5.958389773413538,1.459547392946659,1.21589306737401
CL121_GFRAL_M2_O,4.017243464961648,1.3036679348170939,1.2196185602965712
CL123_GFRAL_M2-M3-M4_O,4.788645818538965,1.6264100344842638,1.3737411910528752
CL125_GFRAL_M3_O,4.472142263442281,1.514404396725853,1.2909856446826815
CL126_GFRAL_M1_O,4.869769125387075,1.5258937466397384,1.2601771016568786
CL127_GFRAL_M1_O,2.330005153357982,1.8038914896844116,1.595219338534594
CL128_GFRAL_M1_O,2.071243207708001,1.8351767153178031,1.6314336318301133
CL129_GFRAL_M1_O,1.055855861380694,2.036241616731379,1.4181953767368596
CL130_GFRAL_M1_O,2.2314769612997782,1.7996081355551712,1.5999858467118049
CL131_GFRAL_M1_O,4.060613992631433,1.5375932034116806,1.2115831886593238
CL134_GFRAL_M3_O,2.941707261323929,1.699047806454406,1.45136765244935
CL135_GFRAL_M3_O,5.159668524622925,1.6408532314556519,1.4275843271751367
CL136_GFRAL_M3_O,2.662627283677457,1.5928138557329512,1.2460258724146298
CL137_GFRAL_M2_O,3.647328324377538,1.5201137305957877,1.2943221370430649
CL138_GFRAL_M2_O,6.516534645564855,1.7832345255640634,1.6271693612934839
CL139_GFRAL_M2_O,6.521558033838868,1.53650898119045,1.3692565569253594
CL142_GFRAL_M1_SC,3.5648080717176214,1.968467287461244,1.252385896679303
CL143_GFRAL_M1_SC,2.9850904225110995,1.6705120362858723,1.2151180902347973
CL144_GFRAL_M1_SC,4.471708741091193,1.7205154688692479,1.2943221370430649
CL145_GFRAL_M1_SC,4.061538233771918,1.7265606609592286,1.410713475962452
CL146_GFRAL_M1_SC,1.7210525983870006,2.2520639136661265,1.4181953767368596
CL147_GFRAL_M1_SC,2.054189651854335,1.879260800109972,1.538286078593111
CL148_GFRAL_M1_SC,1.9713765152767309,1.813499087058817,1.3588230612125798
CL149_GFRAL_M1_SC,2.097428846545517,2.018179170134142,1.2993969548354602
CL150_GFRAL_M1_SC,0.557980878293515,1.4658051545106434,1.9190511132574901
CL151_GFRAL_M1_SC,3.6338330262377863,1.6203124281949821,1.3752612580962735
CL152_GFRAL_M1_SC,3.2706321127787223,1.6689431476321699,1.3006456627128682
CL153_GFRAL_M1_SC,3.2165901776179684,1.9097214571310621,1.2485959218881875
CL154_GFRAL_M1_SC,4.13432711400092,1.577826755507562,1.3162122452838623
CL155_GFRAL_M1_SC,4.17527259653062,1.5628148542495597,1.3438371912744902
CL156_GFRAL_M1_SC,3.5304513337016115,1.9754631589444902,1.272139192854344
CL157_GFRAL_M1_SC,4.509880650676786,1.8160360724492224,1.2698592160066187
CL158_GFRAL_M1_SC,2.6224982670396546,1.6267672550050865,1.2688110842127092
CL159_GFRAL_M1_SC,5.143097822882236,1.7170423049071535,2.2792584637686106
CL160_GFRAL_M1_SC,3.8793619594499464,1.3605750378299377,1.4243137907681909
CL161_GFRAL_M1_SC,2.702455802500248,1.7082527794188846,1.440913461217482
CL163_GFRAL_M1_SC,5.921766357682641,1.6288259149959332,1.3685268769632748
CL164_GFRAL_M1_SC,5.5711642842292814,1.5786200901678678,1.3291617644388132
CL165_GFRAL_M1_SC,3.851798274368047,1.4119538553889843,1.3526867778183935
CL166_GFRAL_M1_SC,3.6838003516346216,1.9787762670670992,1.4249507783890645
CL167_GFRAL_M1_SC,6.167064986795186,1.9397868694397151,1.4998935916741647
CL168_GFRAL_M1_SC,3.9331798780038962,2.038286018541273,1.3313385269139049
CL170_GFRAL_M2_SC,2.5423970957025883,1.7588436140814172,1.1924799746411205
CL171_GFRAL_M3_SC,2.3534626280516395,1.5990977535093764,2.1670604911612044
CL172_GFRAL_M2-M3_F974.0_VL,3.34162488977611,1.6056909528657417,1.2943221370430649
CL173_GFRAL_M2-M3_F974.0_VH,2.4666955626234426,1.5955485480525549,1.2943221370430649
CL174_GFRAL_M2-M3_F974.0_VM,3.783913780041038,2.968776824598019,1.2943221370430649
CL175_GFRAL_M2-M3_F139.0_VM,7.333318896591665,2.0753475754518473,1.6271693612934839
CL176_GFRAL_M2-M3_F81.0_VL,4.294844506293536,1.7071650794689581,1.1955435162860386
CL177_GFRAL_M2-M3_F81.0_VH,6.388518168352544,2.722645669558472,1.1955435162860386
CL178_GFRAL_M2-M3_F8.0_VL,3.758088051557541,1.6055928565575213,1.232727765794603
CL180_GFRAL_M2-M3_F1441.0_VH,5.957075927361851,3.605536081615142,1.2992025309215993
CL181_GFRAL_M2-M3_F1441.0_VM,4.905775733120736,1.739295192702368,1.2992025309215993
CL183_GFRAL_M2-M3_F2240.0_VL,4.6598407635241745,1.5045482459908321,1.20306112321846
CL184_GFRAL_M2-M3_F531.0_VH,6.019217532858253,2.4218278312929287,1.3692565569253594
CL185_GFRAL_M1_F6.0_VL,5.667376226961611,1.565852009930068,1.232727765794603
CL187_GFRAL_M1_F6.0_VM,3.9751217620447274,2.7589703005145694,1.232727765794603
CL188_GFRAL_M1_F20.0_VL,2.1723828127458713,1.4169844797664377,1.2698607865648703
CL189_GFRAL_M1_F20.0_VH,-0.10860841860622195,6.061874764175034,1.2698607865648703
CL190_GFRAL_M1_F20.0_VM,-0.2427463012412172,2.248281173343123,1.2698607865648703
CL191_GFRAL_M1_F45.0_VL,4.15881050207466,1.5728426458776832,1.4181953767368596
CL193_GFRAL_M1_F45.0_VM,3.726781222037971,1.7456639771105498,1.4181953767368596
CL194_GFRAL_M1_F112.0_VL,6.928264246672393,1.5286530346617777,1.318518409177792
CL196_GFRAL_M1_F112.0_VM,8.148727287687363,1.505755617560207,1.318518409177792
CL197_GFRAL_M1_F557.0_VL,6.164783195987344,1.5013424917639842,1.3786029637309845
CL199_GFRAL_M1_F557.0_VM,5.309013091377912,1.649369989833231,1.3786029637309845
CL200_GFRAL_M1_F826.0_VL,3.0591476313397283,1.4795053041928652,1.2034217072975044
CL201_GFRAL_M1_F826.0_VH,3.048866446562112,2.6690881531873645,1.2034217072975044
CL202_GFRAL_M1_F826.0_VM,3.732864712774754,1.6129426049461881,1.2034217072975044
CL203_GFRAL_M1_F928.0_VL,5.027224835522471,1.4142410437321271,1.2601771016568786
CL205_GFRAL_M1_F928.0_VM,3.7855660061463734,1.626328896395424,1.2601771016568786
CL206_GFRAL_M1_F945.0_VL,1.6304228838905672,1.462600785746721,1.2117310418565486
CL207_GFRAL_M1_F945.0_VH,1.1875068999528882,2.0212040332216348,1.2117310418565486
CL208_GFRAL_M1_F945.0_VM,0.20707233701646288,1.6593201597279268,1.2117310418565486
CL209_GFRAL_M1_F1031.0_VL,3.6803401652052994,1.3463051403120783,1.2115831886593238
CL211_GFRAL_M1_F1337.0_VL,2.611425553880631,1.7228922861656446,1.5655181034516863
CL212_GFRAL_M1_F1337.0_VH,2.053423982344569,2.335631855397355,1.5655181034516863
CL213_GFRAL_M1_F1337.0_VM,3.3064995073154577,2.181910824454853,1.5655181034516863
CL214_GFRAL_M1_F1736.0_VL,3.0973589786216635,1.5873524218601702,1.5999858467118049
CL215_GFRAL_M1_F1736.0_VH,2.5121910119280226,2.951767128002182,1.5999858467118049
CL216_GFRAL_M1_F1736.0_VM,3.378031393066051,2.023127217156532,1.5999858467118049
CL217_GFRAL_M2_F1217.0_VL,8.16729748942703,1.9149387183550644,1.318518409177792
CL218_GFRAL_M2_F1217.0_VH,9.227923159651459,2.6403618527111092,1.318518409177792
CL219_GFRAL_M2_F2240.0_VH,5.194622720114886,2.072080007909401,1.20306112321846
CL222_GFRAL_M3_F1217.0_VL,7.476496996872131,1.8034970407941553,1.318518409177792
CL223_GFRAL_M3_F1217.0_VH,6.749002954237168,1.5222426904388202,1.318518409177792
CL224_GFRAL_M3_F2240.0_VH,1.8236880698874582,1.9385802844671711,1.20306112321846
CL226_GFRAL_M1_TN,6.6599928887113915,1.615397887733225,1.394993305712496
CL230_GFRAL_M1_TN,1.6331091701090354,1.4263510456721034,1.2549649502186437
CL117_GFRAL_M2_O,2.802022383555771,1.4745454041284092,1.3590428107256844
CL231_GFRAL_M1_TN,2.8304867843613035,1.4745454041284092,1.344176653394017
CL239_GFRAL_M2_TN,5.621594106897712,1.5838928201105995,1.3112921061440386
